time,bus.disturbance[1],bus.setPoint
0.0,278.15,290.15
20.0,278.1500158654878,290.15
40.0,278.1500634619177,290.15
60.0,278.150142789189,290.15
80.0,278.1502538471338,290.15
100.0,278.1503966355173,290.15
120.0,278.1505711540374,290.15
140.0,278.15077740232493,290.15
160.0,278.15101537994354,290.15
180.0,278.15128508638986,290.15
200.0,278.15158652109335,290.15
220.0,278.1519196834164,290.15
240.0,278.1522845726541,290.15
260.0,278.1526811880347,290.15
280.0,278.15310952871914,290.15
300.0,278.15356959380136,290.15
320.0,278.15406138230804,290.15
340.0,278.15458489319894,290.15
360.0,278.15514012536664,290.15
380.0,278.1557270776365,290.15
400.0,278.15634574876697,290.15
420.0,278.15699613744926,290.15
440.0,278.1576782423076,290.15
460.0,278.15839206189906,290.15
480.0,278.1591375947135,290.15
500.0,278.159914839174,290.15
520.0,278.1607237936363,290.15
540.0,278.16156445638916,290.15
560.0,278.16243682565414,290.15
580.0,278.163340899586,290.15
600.0,278.1642766762721,290.15
620.0,278.165244153733,290.15
640.0,278.1662433299221,290.15
660.0,278.1672742027257,290.15
680.0,278.16833676996316,290.15
700.0,278.1694310293866,290.15
720.0,278.17055697868136,290.15
740.0,278.17171461546553,290.15
760.0,278.1729039372903,290.15
780.0,278.1741249416397,290.15
800.0,278.17537762593093,290.15
820.0,278.176661987514,290.15
840.0,278.177978023672,290.15
860.0,278.1793257316209,290.15
880.0,278.18070510850987,290.15
900.0,278.1821161514209,290.15
920.0,278.1835588573692,290.15
940.0,278.1850332233027,290.15
960.0,278.1865392461026,290.15
980.0,278.1880769225831,290.15
1000.0,278.1896462494914,290.15
1020.0,278.1912472235077,290.15
1040.0,278.1928798412453,290.15
1060.0,278.1945440992506,290.15
1080.0,278.19623999400307,290.15
1100.0,278.19796752191513,290.15
1120.0,278.1997266793324,290.15
1140.0,278.20151746253356,290.15
1160.0,278.2033398677304,290.15
1180.0,278.20519389106784,290.15
1200.0,278.2070795286238,290.15
1220.0,278.20899677640944,290.15
1240.0,278.2109456303691,290.15
1260.0,278.21292608638004,290.15
1280.0,278.2149381402529,290.15
1300.0,278.21698178773136,290.15
1320.0,278.2190570244923,290.15
1340.0,278.2211638461457,290.15
1360.0,278.2233022482349,290.15
1380.0,278.2254722262363,290.15
1400.0,278.2276737755595,290.15
1420.0,278.22990689154733,290.15
1440.0,278.2321715694759,290.15
1460.0,278.23446780455447,290.15
1480.0,278.2367955919256,290.15
1500.0,278.2391549266652,290.15
1520.0,278.2415458037822,290.15
1540.0,278.243968218219,290.15
1560.0,278.24642216485114,290.15
1580.0,278.2489076384877,290.15
1600.0,278.25142463387084,290.15
1620.0,278.25397314567607,290.15
1640.0,278.25655316851237,290.15
1660.0,278.25916469692186,290.15
1680.0,278.26180772538015,290.15
1700.0,278.2644822482962,290.15
1720.0,278.26718826001235,290.15
1740.0,278.26992575480426,290.15
1760.0,278.27269472688107,290.15
1780.0,278.2754951703853,290.15
1800.0,278.2783270793928,290.15
1820.0,278.2811904479131,290.15
1840.0,278.284085269889,290.15
1860.0,278.2870115391967,290.15
1880.0,278.28996924964616,290.15
1900.0,278.2929583949804,290.15
1920.0,278.2959789688764,290.15
1940.0,278.29903096494434,290.15
1960.0,278.30211437672807,290.15
1980.0,278.30522919770493,290.15
2000.0,278.3083754212858,290.15
2020.0,278.3115530408152,290.15
2040.0,278.31476204957124,290.15
2060.0,278.3180024407655,290.15
2080.0,278.3212742075433,290.15
2100.0,278.32457734298356,290.15
2120.0,278.32791184009886,290.15
2140.0,278.33127769183534,290.15
2160.0,278.3346748910729,290.15
2180.0,278.33810343062515,290.15
2200.0,278.34156330323935,290.15
2220.0,278.3450545015965,290.15
2240.0,278.3485770183113,290.15
2260.0,278.3521308459322,290.15
2280.0,278.3557159769415,290.15
2300.0,278.35933240375516,290.15
2320.0,278.3629801187231,290.15
2340.0,278.3666591141288,290.15
2360.0,278.37036938218984,290.15
2380.0,278.3741109150575,290.15
2400.0,278.37788370481684,290.15
2420.0,278.3816877434871,290.15
2440.0,278.38552302302105,290.15
2460.0,278.3893895353056,290.15
2480.0,278.3932872721616,290.15
2500.0,278.3972162253437,290.15
2520.0,278.40117638654067,290.15
2540.0,278.4051677473751,290.15
2560.0,278.4091902994038,290.15
2580.0,278.4132440341173,290.15
2600.0,278.4173289429405,290.15
2620.0,278.42144501723214,290.15
2640.0,278.425592248285,290.15
2660.0,278.42977062732615,290.15
2680.0,278.4339801455166,290.15
2700.0,278.43822079395153,290.15
2720.0,278.44249256366027,290.15
2740.0,278.44679544560637,290.15
2760.0,278.45112943068756,290.15
2780.0,278.4554945097356,290.15
2800.0,278.4598906735167,290.15
2820.0,278.46431791273125,290.15
2840.0,278.4687762180138,290.15
2860.0,278.47326557993324,290.15
2880.0,278.4777859889929,290.15
2900.0,278.4823374356302,290.15
2920.0,278.4869199102171,290.15
2940.0,278.4915334030598,290.15
2960.0,278.4961779043989,290.15
2980.0,278.5008534044095,290.15
3000.0,278.505559893201,290.15
3020.0,278.5102973608173,290.15
3040.0,278.5150657972368,290.15
3060.0,278.51986519237227,290.15
3080.0,278.5246955360712,290.15
3100.0,278.52955681811545,290.15
3120.0,278.53444902822145,290.15
3140.0,278.5393721560402,290.15
3160.0,278.54432619115744,290.15
3180.0,278.5493111230933,290.15
3200.0,278.55432694130263,290.15
3220.0,278.55937363517506,290.15
3240.0,278.5644511940348,290.15
3260.0,278.56955960714083,290.15
3280.0,278.57469886368676,290.15
3300.0,278.57986895280106,290.15
3320.0,278.5850698635469,290.15
3340.0,278.59030158492226,290.15
3360.0,278.59556410586003,290.15
3380.0,278.60085741522784,290.15
3400.0,278.60618150182825,290.15
3420.0,278.61153635439865,290.15
3440.0,278.61692196161147,290.15
3460.0,278.62233831207396,290.15
3480.0,278.6277853943284,290.15
3500.0,278.63326319685194,290.15
3520.0,278.638771708057,290.15
3540.0,278.6443109162908,290.15
3560.0,278.6498808098358,290.15
3580.0,278.6554813769093,290.15
3600.0,278.66111260566396,290.15
3620.0,278.6667744841875,290.15
3640.0,278.67246700050276,290.15
3660.0,278.67819014256776,290.15
3680.0,278.6839438982759,290.15
3700.0,278.6897282554556,290.15
3720.0,278.69554320187063,290.15
3740.0,278.7013887252201,290.15
3760.0,278.7072648131384,290.15
3780.0,278.7131714531953,290.15
3800.0,278.71910863289577,290.15
3820.0,278.72507633968047,290.15
3840.0,278.7310745609252,290.15
3860.0,278.7371032839414,290.15
3880.0,278.74316249597587,290.15
3900.0,278.74925218421106,290.15
3920.0,278.7553723357647,290.15
3940.0,278.7615229376904,290.15
3960.0,278.7677039769771,290.15
3980.0,278.7739154405494,290.15
4000.0,278.7801573152676,290.15
4020.0,278.7864295879278,290.15
4040.0,278.7927322452614,290.15
4060.0,278.7990652739359,290.15
4080.0,278.80542866055447,290.15
4100.0,278.8118223916559,290.15
4120.0,278.81824645371495,290.15
4140.0,278.8247008331422,290.15
4160.0,278.831185516284,290.15
4180.0,278.83770048942273,290.15
4200.0,278.8442457387766,290.15
4220.0,278.85082125049973,290.15
4240.0,278.85742701068244,290.15
4260.0,278.86406300535083,290.15
4280.0,278.87072922046707,290.15
4300.0,278.87742564192956,290.15
4320.0,278.8841522555727,290.15
4340.0,278.89090904716693,290.15
4360.0,278.897696002419,290.15
4380.0,278.9045131069718,290.15
4400.0,278.9113603464045,290.15
4420.0,278.91823770623233,290.15
4440.0,278.925145171907,290.15
4460.0,278.93208272881645,290.15
4480.0,278.93905036228506,290.15
4500.0,278.9460480575734,290.15
4520.0,278.9530757998786,290.15
4540.0,278.96013357433424,290.15
4560.0,278.9672213660102,290.15
4580.0,278.9743391599131,290.15
4600.0,278.9814869409859,290.15
4620.0,278.9886646941082,290.15
4640.0,278.99587240409625,290.15
4660.0,279.00311005570273,290.15
4680.0,279.0103776336173,290.15
4700.0,279.017675122466,290.15
4720.0,279.02500250681186,290.15
4740.0,279.0323597711544,290.15
4760.0,279.0397468999302,290.15
4780.0,279.04716387751245,290.15
4800.0,279.05461068821137,290.15
4820.0,279.0620873162739,290.15
4840.0,279.06959374588405,290.15
4860.0,279.0771299611627,290.15
4880.0,279.0846959461678,290.15
4900.0,279.09229168489424,290.15
4920.0,279.099917161274,290.15
4940.0,279.1075723591762,290.15
4960.0,279.115257262407,290.15
4980.0,279.1229718547098,290.15
5000.0,279.13071611976517,290.15
5020.0,279.13849004119083,290.15
5040.0,279.14629360254196,290.15
5060.0,279.1541267873108,290.15
5080.0,279.16198957892715,290.15
5100.0,279.169881960758,290.15
5120.0,279.17780391610785,290.15
5140.0,279.1857554282186,290.15
5160.0,279.1937364802696,290.15
5180.0,279.20174705537784,290.15
5200.0,279.20978713659764,290.15
5220.0,279.2178567069211,290.15
5240.0,279.2259557492779,290.15
5260.0,279.23408424653525,290.15
5280.0,279.24224218149817,290.15
5300.0,279.2504295369094,290.15
5320.0,279.2586462954494,290.15
5340.0,279.26689243973647,290.15
5360.0,279.27516795232674,290.15
5380.0,279.28347281571416,290.15
5400.0,279.29180701233065,290.15
5420.0,279.3001705245461,290.15
5440.0,279.30856333466835,290.15
5460.0,279.3169854249432,290.15
5480.0,279.3254367775546,290.15
5500.0,279.3339173746246,290.15
5520.0,279.3424271982134,290.15
5540.0,279.3509662303192,290.15
5560.0,279.3595344528786,290.15
5580.0,279.3681318477665,290.15
5600.0,279.3767583967959,290.15
5620.0,279.3854140817181,290.15
5640.0,279.3940988842231,290.15
5660.0,279.402812785939,290.15
5680.0,279.4115557684323,290.15
5700.0,279.42032781320825,290.15
5720.0,279.42912890171044,290.15
5740.0,279.4379590153211,290.15
5760.0,279.44681813536096,290.15
5780.0,279.4557062430895,290.15
5800.0,279.46462331970474,290.15
5820.0,279.47356934634365,290.15
5840.0,279.4825443040817,290.15
5860.0,279.4915481739334,290.15
5880.0,279.5005809368518,290.15
5900.0,279.5096425737292,290.15
5920.0,279.51873306539653,290.15
5940.0,279.52785239262374,290.15
5960.0,279.53700053611993,290.15
5980.0,279.54617747653305,290.15
6000.0,279.5553831944502,290.15
6020.0,279.5646176703977,290.15
6040.0,279.57388088484095,290.15
6060.0,279.58317281818444,290.15
6080.0,279.59249345077217,290.15
6100.0,279.6018427628872,290.15
6120.0,279.61122073475207,290.15
6140.0,279.6206273465286,290.15
6160.0,279.630062578318,290.15
6180.0,279.6395264101612,290.15
6200.0,279.64901882203816,290.15
6220.0,279.65853979386884,290.15
6240.0,279.66808930551247,290.15
6260.0,279.67766733676814,290.15
6280.0,279.6872738673744,290.15
6300.0,279.69690887700966,290.15
6320.0,279.70657234529205,290.15
6340.0,279.7162642517794,290.15
6360.0,279.7259845759696,290.15
6380.0,279.7357332973002,290.15
6400.0,279.7455103951488,290.15
6420.0,279.75531584883294,290.15
6440.0,279.76514963761014,290.15
6460.0,279.7750117406781,290.15
6480.0,279.78490213717447,290.15
6500.0,279.79482080617714,290.15
6520.0,279.8047677267042,290.15
6540.0,279.8147428777139,290.15
6560.0,279.8247462381049,290.15
6580.0,279.8347777867161,290.15
6600.0,279.84483750232664,290.15
6620.0,279.8549253636564,290.15
6640.0,279.8650413493654,290.15
6660.0,279.87518543805436,290.15
6680.0,279.8853576082645,290.15
6700.0,279.89555783847754,290.15
6720.0,279.90578610711606,290.15
6740.0,279.91604239254315,290.15
6760.0,279.92632667306265,290.15
6780.0,279.9366389269192,290.15
6800.0,279.94697913229834,290.15
6820.0,279.9573472673263,290.15
6840.0,279.9677433100705,290.15
6860.0,279.9781672385391,290.15
6880.0,279.98861903068126,290.15
6900.0,279.99909866438736,290.15
6920.0,280.0096061174888,290.15
6940.0,280.02014136775813,290.15
6960.0,280.03070439290906,290.15
6980.0,280.0412951705966,290.15
7000.0,280.05191367841707,290.15
7020.0,280.06255989390803,290.15
7040.0,280.0732337945485,290.15
7060.0,280.08393535775906,290.15
7080.0,280.0946645609015,290.15
7100.0,280.1054213812793,290.15
7120.0,280.11620579613754,290.15
7140.0,280.12701778266285,290.15
7160.0,280.1378573179836,290.15
7180.0,280.14872437916983,290.15
7200.0,280.1596189432334,290.15
7220.0,280.17054098712794,290.15
7240.0,280.18149048774904,290.15
7260.0,280.19246742193405,290.15
7280.0,280.2034717664624,290.15
7300.0,280.2145034980556,290.15
7320.0,280.2255625933771,290.15
7340.0,280.23664902903244,290.15
7360.0,280.2477627815695,290.15
7380.0,280.2589038274782,290.15
7400.0,280.27007214319076,290.15
7420.0,280.28126770508186,290.15
7440.0,280.29249048946826,290.15
7460.0,280.3037404726095,290.15
7480.0,280.3150176307072,290.15
7500.0,280.32632193990577,290.15
7520.0,280.3376533762921,290.15
7540.0,280.34901191589563,290.15
7560.0,280.3603975346886,290.15
7580.0,280.3718102085858,290.15
7600.0,280.38324991344496,290.15
7620.0,280.3947166250665,290.15
7640.0,280.4062103191938,290.15
7660.0,280.4177309715131,290.15
7680.0,280.42927855765356,290.15
7700.0,280.44085305318754,290.15
7720.0,280.45245443363035,290.15
7740.0,280.46408267444036,290.15
7760.0,280.4757377510193,290.15
7780.0,280.487419638712,290.15
7800.0,280.4991283128067,290.15
7820.0,280.51086374853475,290.15
7840.0,280.5226259210711,290.15
7860.0,280.5344148055341,290.15
7880.0,280.5462303769855,290.15
7900.0,280.55807261043066,290.15
7920.0,280.5699414808186,290.15
7940.0,280.5818369630419,290.15
7960.0,280.5937590319369,290.15
7980.0,280.6057076622836,290.15
8000.0,280.6176828288059,290.15
8020.0,280.62968450617166,290.15
8040.0,280.64171266899245,290.15
8060.0,280.65376729182395,290.15
8080.0,280.6658483491658,290.15
8100.0,280.6779558154618,290.15
8120.0,280.6900896650998,290.15
8140.0,280.70224987241187,290.15
8160.0,280.71443641167434,290.15
8180.0,280.72664925710785,290.15
8200.0,280.7388883828773,290.15
8220.0,280.75115376309213,290.15
8240.0,280.76344537180614,290.15
8260.0,280.7757631830177,290.15
8280.0,280.7881071706697,290.15
8300.0,280.80047730864976,290.15
8320.0,280.81287357079003,290.15
8340.0,280.8252959308675,290.15
8360.0,280.837744362604,290.15
8380.0,280.850218839666,290.15
8400.0,280.8627193356651,290.15
8420.0,280.8752458241578,290.15
8440.0,280.8877982786455,290.15
8460.0,280.9003766725748,290.15
8480.0,280.9129809793374,290.15
8500.0,280.9256111722702,290.15
8520.0,280.9382672246552,290.15
8540.0,280.9509491097199,290.15
8560.0,280.96365680063707,290.15
8580.0,280.9763902705248,290.15
8600.0,280.9891494924468,290.15
8620.0,281.0019344394122,290.15
8640.0,281.01474508437576,290.15
8660.0,281.02758140023786,290.15
8680.0,281.0404433598446,290.15
8700.0,281.05333093598773,290.15
8720.0,281.066244101405,290.15
8740.0,281.07918282877984,290.15
8760.0,281.0921470907417,290.15
8780.0,281.10513685986604,290.15
8800.0,281.11815210867434,290.15
8820.0,281.13119280963406,290.15
8840.0,281.14425893515903,290.15
8860.0,281.15735045760914,290.15
8880.0,281.17046734929056,290.15
8900.0,281.183609582456,290.15
8920.0,281.19677712930417,290.15
8940.0,281.2099699619806,290.15
8960.0,281.22318805257726,290.15
8980.0,281.2364313731325,290.15
9000.0,281.24969989563147,290.15
9020.0,281.2629935920059,290.15
9040.0,281.2763124341344,290.15
9060.0,281.28965639384234,290.15
9080.0,281.3030254429018,290.15
9100.0,281.31641955303206,290.15
9120.0,281.3298386958991,290.15
9140.0,281.34328284311624,290.15
9160.0,281.3567519662437,290.15
9180.0,281.3702460367888,290.15
9200.0,281.38376502620633,290.15
9220.0,281.3973089058982,290.15
9240.0,281.4108776472138,290.15
9260.0,281.42447122144966,290.15
9280.0,281.4380895998501,290.15
9300.0,281.45173275360673,290.15
9320.0,281.4654006538589,290.15
9340.0,281.4790932716936,290.15
9360.0,281.4928105781454,290.15
9380.0,281.5065525441968,290.15
9400.0,281.520319140778,290.15
9420.0,281.5341103387672,290.15
9440.0,281.5479261089905,290.15
9460.0,281.5617664222221,290.15
9480.0,281.5756312491842,290.15
9500.0,281.5895205605471,290.15
9520.0,281.60343432692946,290.15
9540.0,281.6173725188981,290.15
9560.0,281.63133510696815,290.15
9580.0,281.6453220616032,290.15
9600.0,281.6593333532153,290.15
9620.0,281.67336895216494,290.15
9640.0,281.68742882876126,290.15
9660.0,281.70151295326207,290.15
9680.0,281.7156212958737,290.15
9700.0,281.7297538267515,290.15
9720.0,281.7439105159995,290.15
9740.0,281.7580913336707,290.15
9760.0,281.77229624976695,290.15
9780.0,281.7865252342392,290.15
9800.0,281.8007782569876,290.15
9820.0,281.8150552878612,290.15
9840.0,281.8293562966584,290.15
9860.0,281.84368125312693,290.15
9880.0,281.85803012696374,290.15
9900.0,281.8724028878153,290.15
9920.0,281.8867995052775,290.15
9940.0,281.9012199488957,290.15
9960.0,281.91566418816495,290.15
9980.0,281.9301321925299,290.15
10000.0,281.944623931385,290.15
10020.0,281.9591393740745,290.15
10040.0,281.97367848989234,290.15
10060.0,281.98824124808255,290.15
10080.0,282.00282761783905,290.15
10100.0,282.0174375683059,290.15
10120.0,282.0320710685773,290.15
10140.0,282.0467280876975,290.15
10160.0,282.06140859466103,290.15
10180.0,282.07611255841283,290.15
10200.0,282.0908399478481,290.15
10220.0,282.10559073181264,290.15
10240.0,282.12036487910257,290.15
10260.0,282.1351623584647,290.15
10280.0,282.1499831385965,290.15
10300.0,282.1648271881461,290.15
10320.0,282.17969447571244,290.15
10340.0,282.1945849698452,290.15
10360.0,282.2094986390452,290.15
10380.0,282.22443545176395,290.15
10400.0,282.2393953764042,290.15
10420.0,282.25437838131984,290.15
10440.0,282.26938443481566,290.15
10460.0,282.284413505148,290.15
10480.0,282.29946556052437,290.15
10500.0,282.31454056910366,290.15
10520.0,282.3296384989962,290.15
10540.0,282.3447593182639,290.15
10560.0,282.3599029949202,290.15
10580.0,282.37506949693017,290.15
10600.0,282.39025879221066,290.15
10620.0,282.40547084863016,290.15
10640.0,282.4207056340092,290.15
10660.0,282.4359631161201,290.15
10680.0,282.4512432626872,290.15
10700.0,282.466546041387,290.15
10720.0,282.48187141984795,290.15
10740.0,282.4972193656507,290.15
10760.0,282.5125898463283,290.15
10780.0,282.5279828293661,290.15
10800.0,282.5433982822018,290.15
10820.0,282.5588361722255,290.15
10840.0,282.5742964667799,290.15
10860.0,282.58977913316045,290.15
10880.0,282.60528413861505,290.15
10900.0,282.62081145034443,290.15
10920.0,282.6363610355022,290.15
10940.0,282.6519328611948,290.15
10960.0,282.66752689448145,290.15
10980.0,282.6831431023748,290.15
11000.0,282.69878145184015,290.15
11020.0,282.7144419097963,290.15
11040.0,282.730124443115,290.15
11060.0,282.7458290186216,290.15
11080.0,282.76155560309456,290.15
11100.0,282.7773041632659,290.15
11120.0,282.7930746658212,290.15
11140.0,282.80886707739955,290.15
11160.0,282.8246813645937,290.15
11180.0,282.8405174939501,290.15
11200.0,282.85637543196896,290.15
11220.0,282.8722551451046,290.15
11240.0,282.88815659976495,290.15
11260.0,282.9040797623122,290.15
11280.0,282.9200245990625,290.15
11300.0,282.93599107628614,290.15
11320.0,282.9519791602076,290.15
11340.0,282.96798881700585,290.15
11360.0,282.98402001281397,290.15
11380.0,283.0000727137197,290.15
11400.0,283.01614688576507,290.15
11420.0,283.0322424949469,290.15
11440.0,283.04835950721645,290.15
11460.0,283.06449788847993,290.15
11480.0,283.08065760459823,290.15
11500.0,283.09683862138706,290.15
11520.0,283.1130409046171,290.15
11540.0,283.1292644200141,290.15
11560.0,283.14550913325894,290.15
11580.0,283.1617750099875,290.15
11600.0,283.1780620157909,290.15
11620.0,283.1943701162158,290.15
11640.0,283.21069927676393,290.15
11660.0,283.22704946289264,290.15
11680.0,283.24342064001485,290.15
11700.0,283.25981277349894,290.15
11720.0,283.276225828669,290.15
11740.0,283.29265977080496,290.15
11760.0,283.30911456514235,290.15
11780.0,283.3255901768729,290.15
11800.0,283.3420865711439,290.15
11820.0,283.35860371305915,290.15
11840.0,283.37514156767816,290.15
11860.0,283.3917001000168,290.15
11880.0,283.4082792750472,290.15
11900.0,283.4248790576978,290.15
11920.0,283.4414994128535,290.15
11940.0,283.4581403053555,290.15
11960.0,283.4748017000018,290.15
11980.0,283.49148356154683,290.15
12000.0,283.5081858547019,290.15
12020.0,283.5249085441349,290.15
12040.0,283.54165159447075,290.15
12060.0,283.5584149702912,290.15
12080.0,283.57519863613504,290.15
12100.0,283.59200255649813,290.15
12120.0,283.6088266958335,290.15
12140.0,283.6256710185514,290.15
12160.0,283.64253548901934,290.15
12180.0,283.65942007156224,290.15
12200.0,283.6763247304625,290.15
12220.0,283.6932494299601,290.15
12240.0,283.7101941342524,290.15
12260.0,283.72715880749473,290.15
12280.0,283.74414341380003,290.15
12300.0,283.7611479172391,290.15
12320.0,283.77817228184057,290.15
12340.0,283.7952164715912,290.15
12360.0,283.8122804504357,290.15
12380.0,283.82936418227695,290.15
12400.0,283.84646763097606,290.15
12420.0,283.86359076035245,290.15
12440.0,283.8807335341839,290.15
12460.0,283.8978959162065,290.15
12480.0,283.9150778701151,290.15
12500.0,283.932279359563,290.15
12520.0,283.9495003481621,290.15
12540.0,283.96674079948326,290.15
12560.0,283.984000677056,290.15
12580.0,284.0012799443688,290.15
12600.0,284.0185785648692,290.15
12620.0,284.0358965019636,290.15
12640.0,284.0532337190178,290.15
12660.0,284.07059017935654,290.15
12680.0,284.0879658462641,290.15
12700.0,284.10536068298404,290.15
12720.0,284.1227746527193,290.15
12740.0,284.1402077186323,290.15
12760.0,284.1576598438453,290.15
12780.0,284.1751309914401,290.15
12800.0,284.1926211244582,290.15
12820.0,284.210130205901,290.15
12840.0,284.22765819872984,290.15
12860.0,284.24520506586606,290.15
12880.0,284.262770770191,290.15
12900.0,284.28035527454625,290.15
12920.0,284.2979585417335,290.15
12940.0,284.3155805345149,290.15
12960.0,284.33322121561287,290.15
12980.0,284.3508805477104,290.15
13000.0,284.36855849345085,290.15
13020.0,284.38625501543845,290.15
13040.0,284.40397007623795,290.15
13060.0,284.42170363837494,290.15
13080.0,284.43945566433587,290.15
13100.0,284.45722611656817,290.15
13120.0,284.4750149574802,290.15
13140.0,284.49282214944145,290.15
13160.0,284.5106476547827,290.15
13180.0,284.5284914357959,290.15
13200.0,284.5463534547343,290.15
13220.0,284.5642336738126,290.15
13240.0,284.58213205520707,290.15
13260.0,284.6000485610554,290.15
13280.0,284.6179831534572,290.15
13300.0,284.63593579447354,290.15
13320.0,284.6539064461275,290.15
13340.0,284.67189507040393,290.15
13360.0,284.68990162924973,290.15
13380.0,284.70792608457396,290.15
13400.0,284.7259683982476,290.15
13420.0,284.744028532104,290.15
13440.0,284.7621064479388,290.15
13460.0,284.78020210751,290.15
13480.0,284.79831547253804,290.15
13500.0,284.81644650470594,290.15
13520.0,284.8345951656594,290.15
13540.0,284.8527614170067,290.15
13560.0,284.87094522031913,290.15
13580.0,284.8891465371305,290.15
13600.0,284.9073653289379,290.15
13620.0,284.9256015572013,290.15
13640.0,284.94385518334377,290.15
13660.0,284.96212616875164,290.15
13680.0,284.9804144747746,290.15
13700.0,284.99872006272545,290.15
13720.0,285.0170428938806,290.15
13740.0,285.0353829294801,290.15
13760.0,285.0537401307273,290.15
13780.0,285.0721144587895,290.15
13800.0,285.0905058747976,290.15
13820.0,285.10891433984654,290.15
13840.0,285.127339814995,290.15
13860.0,285.1457822612658,290.15
13880.0,285.1642416396458,290.15
13900.0,285.18271791108606,290.15
13920.0,285.2012110365019,290.15
13940.0,285.21972097677303,290.15
13960.0,285.23824769274347,290.15
13980.0,285.25679114522194,290.15
14000.0,285.2753512949816,290.15
14020.0,285.2939281027603,290.15
14040.0,285.3125215292607,290.15
14060.0,285.3311315351504,290.15
14080.0,285.34975808106174,290.15
14100.0,285.36840112759216,290.15
14120.0,285.3870606353042,290.15
14140.0,285.40573656472554,290.15
14160.0,285.42442887634917,290.15
14180.0,285.4431375306334,290.15
14200.0,285.461862488002,290.15
14220.0,285.48060370884417,290.15
14240.0,285.4993611535148,290.15
14260.0,285.51813478233447,290.15
14280.0,285.5369245555894,290.15
14300.0,285.5557304335318,290.15
14320.0,285.57455237637964,290.15
14340.0,285.5933903443171,290.15
14360.0,285.6122442974943,290.15
14380.0,285.63111419602774,290.15
14400.0,285.65,290.15
14420.0,285.66890166946,290.15
14440.0,285.68781916442333,290.15
14460.0,285.7067524448719,290.15
14480.0,285.7257014707542,290.15
14500.0,285.7446662019855,290.15
14520.0,285.76364659844796,290.15
14540.0,285.7826426199904,290.15
14560.0,285.8016542264287,290.15
14580.0,285.82068137754567,290.15
14600.0,285.83972403309133,290.15
14620.0,285.85878215278296,290.15
14640.0,285.87785569630495,290.15
14660.0,285.89694462330914,290.15
14680.0,285.91604889341494,290.15
14700.0,285.9351684662092,290.15
14720.0,285.9543033012463,290.15
14740.0,285.9734533580485,290.15
14760.0,285.99261859610584,290.15
14780.0,286.01179897487617,290.15
14800.0,286.03099445378535,290.15
14820.0,286.05020499222735,290.15
14840.0,286.0694305495641,290.15
14860.0,286.088671085126,290.15
14880.0,286.1079265582116,290.15
14900.0,286.1271969280879,290.15
14920.0,286.14648215399046,290.15
14940.0,286.1657821951233,290.15
14960.0,286.1850970106591,290.15
14980.0,286.20442655973943,290.15
15000.0,286.2237708014745,290.15
15020.0,286.24312969494355,290.15
15040.0,286.2625031991948,290.15
15060.0,286.2818912732456,290.15
15080.0,286.30129387608247,290.15
15100.0,286.3207109666612,290.15
15120.0,286.34014250390675,290.15
15140.0,286.3595884467139,290.15
15160.0,286.3790487539465,290.15
15180.0,286.3985233844385,290.15
15200.0,286.418012296993,290.15
15220.0,286.4375154503835,290.15
15240.0,286.45703280335283,290.15
15260.0,286.47656431461417,290.15
15280.0,286.4961099428504,290.15
15300.0,286.51566964671497,290.15
15320.0,286.5352433848311,290.15
15340.0,286.5548311157927,290.15
15360.0,286.5744327981638,290.15
15380.0,286.5940483904791,290.15
15400.0,286.6136778512438,290.15
15420.0,286.6333211389337,290.15
15440.0,286.65297821199556,290.15
15460.0,286.6726490288467,290.15
15480.0,286.69233354787553,290.15
15500.0,286.7120317274415,290.15
15520.0,286.7317435258752,290.15
15540.0,286.7514689014781,290.15
15560.0,286.77120781252336,290.15
15580.0,286.7909602172552,290.15
15600.0,286.8107260738895,290.15
15620.0,286.8305053406135,290.15
15640.0,286.85029797558633,290.15
15660.0,286.87010393693856,290.15
15680.0,286.8899231827727,290.15
15700.0,286.90975567116317,290.15
15720.0,286.92960136015637,290.15
15740.0,286.94946020777076,290.15
15760.0,286.96933217199694,290.15
15780.0,286.9892172107978,290.15
15800.0,287.0091152821086,290.15
15820.0,287.0290263438369,290.15
15840.0,287.04895035386295,290.15
15860.0,287.06888727003957,290.15
15880.0,287.0888370501921,290.15
15900.0,287.10879965211893,290.15
15920.0,287.1287750335911,290.15
15940.0,287.1487631523529,290.15
15960.0,287.1687639661213,290.15
15980.0,287.1887774325867,290.15
16000.0,287.20880350941263,290.15
16020.0,287.22884215423596,290.15
16040.0,287.248893324667,290.15
16060.0,287.2689569782895,290.15
16080.0,287.28903307266086,290.15
16100.0,287.3091215653121,290.15
16120.0,287.3292224137482,290.15
16140.0,287.34933557544764,290.15
16160.0,287.36946100786326,290.15
16180.0,287.3895986684216,290.15
16200.0,287.40974851452364,290.15
16220.0,287.4299105035443,290.15
16240.0,287.450084592833,290.15
16260.0,287.4702707397135,290.15
16280.0,287.490468901484,290.15
16300.0,287.51067903541747,290.15
16320.0,287.5309010987613,290.15
16340.0,287.5511350487378,290.15
16360.0,287.57138084254416,290.15
16380.0,287.59163843735246,290.15
16400.0,287.6119077903097,290.15
16420.0,287.63218885853826,290.15
16440.0,287.6524815991355,290.15
16460.0,287.6727859691743,290.15
16480.0,287.6931019257027,290.15
16500.0,287.71342942574444,290.15
16520.0,287.73376842629875,290.15
16540.0,287.7541188843405,290.15
16560.0,287.7744807568205,290.15
16580.0,287.79485400066505,290.15
16600.0,287.8152385727768,290.15
16620.0,287.83563443003425,290.15
16640.0,287.85604152929193,290.15
16660.0,287.8764598273808,290.15
16680.0,287.896889281108,290.15
16700.0,287.917329847257,290.15
16720.0,287.937781482588,290.15
16740.0,287.9582441438376,290.15
16760.0,287.97871778771906,290.15
16780.0,287.99920237092255,290.15
16800.0,288.01969785011494,290.15
16820.0,288.04020418194017,290.15
16840.0,288.0607213230192,290.15
16860.0,288.08124922995006,290.15
16880.0,288.1017878593081,290.15
16900.0,288.12233716764587,290.15
16920.0,288.1428971114934,290.15
16940.0,288.1634676473583,290.15
16960.0,288.1840487317256,290.15
16980.0,288.20464032105815,290.15
17000.0,288.2252423717966,290.15
17020.0,288.24585484035924,290.15
17040.0,288.2664776831426,290.15
17060.0,288.28711085652117,290.15
17080.0,288.30775431684754,290.15
17100.0,288.32840802045257,290.15
17120.0,288.3490719236454,290.15
17140.0,288.3697459827137,290.15
17160.0,288.3904301539236,290.15
17180.0,288.4111243935198,290.15
17200.0,288.43182865772576,290.15
17220.0,288.45254290274374,290.15
17240.0,288.4732670847548,290.15
17260.0,288.4940011599191,290.15
17280.0,288.51474508437576,290.15
17300.0,288.53549881424317,290.15
17320.0,288.5562623056189,290.15
17340.0,288.5770355145798,290.15
17360.0,288.59781839718244,290.15
17380.0,288.6186109094626,290.15
17400.0,288.6394130074359,290.15
17420.0,288.66022464709755,290.15
17440.0,288.68104578442274,290.15
17460.0,288.7018763753664,290.15
17480.0,288.72271637586357,290.15
17500.0,288.7435657418293,290.15
17520.0,288.7644244291589,290.15
17540.0,288.78529239372796,290.15
17560.0,288.8061695913924,290.15
17580.0,288.82705597798866,290.15
17600.0,288.8479515093336,290.15
17620.0,288.868856141225,290.15
17640.0,288.88976982944115,290.15
17660.0,288.91069252974125,290.15
17680.0,288.9316241978655,290.15
17700.0,288.9525647895351,290.15
17720.0,288.9735142604523,290.15
17740.0,288.99447256630066,290.15
17760.0,289.015439662745,290.15
17780.0,289.03641550543153,290.15
17800.0,289.0574000499881,290.15
17820.0,289.0783932520239,290.15
17840.0,289.09939506713,290.15
17860.0,289.12040545087916,290.15
17880.0,289.1414243588261,290.15
17900.0,289.1624517465075,290.15
17920.0,289.1834875694419,290.15
17940.0,289.20453178313034,290.15
17960.0,289.2255843430558,290.15
17980.0,289.2466452046838,290.15
18000.0,289.26771432346214,290.15
18020.0,289.28879165482135,290.15
18040.0,289.3098771541744,290.15
18060.0,289.33097077691707,290.15
18080.0,289.35207247842794,290.15
18100.0,289.37318221406855,290.15
18120.0,289.3942999391833,290.15
18140.0,289.4154256091,290.15
18160.0,289.4365591791292,290.15
18180.0,289.4577006045651,290.15
18200.0,289.47884984068514,290.15
18220.0,289.5000068427502,290.15
18240.0,289.52117156600497,290.15
18260.0,289.54234396567745,290.15
18280.0,289.56352399697965,290.15
18300.0,289.5847116151074,290.15
18320.0,289.6059067752403,290.15
18340.0,289.6271094325424,290.15
18360.0,289.6483195421614,290.15
18380.0,289.6695370592296,290.15
18400.0,289.6907619388634,290.15
18420.0,289.71199413616375,290.15
18440.0,289.7332336062162,290.15
18460.0,289.75448030409063,290.15
18480.0,289.775734184842,290.15
18500.0,289.79699520350977,290.15
18520.0,289.81826331511843,290.15
18540.0,289.83953847467745,290.15
18560.0,289.8608206371814,290.15
18580.0,289.88210975761007,290.15
18600.0,289.90340579092845,290.15
18620.0,289.9247086920869,290.15
18640.0,289.9460184160214,290.15
18660.0,289.96733491765326,290.15
18680.0,289.98865815188975,290.15
18700.0,290.0099880736236,290.15
18720.0,290.0313246377336,290.15
18740.0,290.05266779908436,290.15
18760.0,290.07401751252667,290.15
18780.0,290.0953737328973,290.15
18800.0,290.11673641501943,290.15
18820.0,290.1381055137024,290.15
18840.0,290.159480983742,290.15
18860.0,290.18086277992074,290.15
18880.0,290.2022508570075,290.15
18900.0,290.2236451697581,290.15
18920.0,290.24504567291484,290.15
18940.0,290.2664523212073,290.15
18960.0,290.2878650693518,290.15
18980.0,290.30928387205194,290.15
19000.0,290.3307086839983,290.15
19020.0,290.35213945986897,290.15
19040.0,290.37357615432927,290.15
19060.0,290.39501872203203,290.15
19080.0,290.41646711761774,290.15
19100.0,290.4379212957145,290.15
19120.0,290.4593812109381,290.15
19140.0,290.48084681789237,290.15
19160.0,290.5023180711689,290.15
19180.0,290.5237949253475,290.15
19200.0,290.545277334996,290.15
19220.0,290.56676525467066,290.15
19240.0,290.5882586389159,290.15
19260.0,290.6097574422646,290.15
19280.0,290.63126161923833,290.15
19300.0,290.6527711243471,290.15
19320.0,290.67428591208983,290.15
19340.0,290.69580593695406,290.15
19360.0,290.71733115341647,290.15
19380.0,290.7388615159426,290.15
19400.0,290.76039697898716,290.15
19420.0,290.78193749699403,290.15
19440.0,290.80348302439654,290.15
19460.0,290.8250335156172,290.15
19480.0,290.8465889250682,290.15
19500.0,290.86814920715125,290.15
19520.0,290.8897143162577,290.15
19540.0,290.9112842067689,290.15
19560.0,290.93285883305583,290.15
19580.0,290.9544381494796,290.15
19600.0,290.9760221103913,290.15
19620.0,290.9976106701323,290.15
19640.0,291.0192037830342,290.15
19660.0,291.0408014034189,290.15
19680.0,291.062403485599,290.15
19700.0,291.0840099838773,290.15
19720.0,291.10562085254753,290.15
19740.0,291.1272360458941,290.15
19760.0,291.1488555181923,290.15
19780.0,291.17047922370824,290.15
19800.0,291.1921071166992,290.15
19820.0,291.2137391514136,290.15
19840.0,291.23537528209107,290.15
19860.0,291.2570154629625,290.15
19880.0,291.2786596482504,290.15
19900.0,291.30030779216867,290.15
19920.0,291.32195984892275,290.15
19940.0,291.34361577271005,290.15
19960.0,291.3652755177196,290.15
19980.0,291.3869390381324,290.15
20000.0,291.4086062881215,290.15
20020.0,291.43027722185207,290.15
20040.0,291.4519517934814,290.15
20060.0,291.4736299571591,290.15
20080.0,291.4953116670273,290.15
20100.0,291.5169968772205,290.15
20120.0,291.53868554186585,290.15
20140.0,291.5603776150832,290.15
20160.0,291.5820730509852,290.15
20180.0,291.60377180367726,290.15
20200.0,291.62547382725796,290.15
20220.0,291.6471790758188,290.15
20240.0,291.66888750344464,290.15
20260.0,291.6905990642135,290.15
20280.0,291.7123137121966,290.15
20300.0,291.734031401459,290.15
20320.0,291.7557520860591,290.15
20340.0,291.7774757200489,290.15
20360.0,291.7992022574744,290.15
20380.0,291.82093165237524,290.15
20400.0,291.8426638587851,290.15
20420.0,291.8643988307317,290.15
20440.0,291.88613652223694,290.15
20460.0,291.9078768873169,290.15
20480.0,291.9296198799821,290.15
20500.0,291.9513654542374,290.15
20520.0,291.9731135640823,290.15
20540.0,291.99486416351084,290.15
20560.0,292.01661720651185,290.15
20580.0,292.03837264706897,290.15
20600.0,292.06013043916084,290.15
20620.0,292.08189053676097,290.15
20640.0,292.1036528938381,290.15
20660.0,292.12541746435625,290.15
20680.0,292.14718420227456,290.15
20700.0,292.1689530615478,290.15
20720.0,292.19072399612617,290.15
20740.0,292.21249695995544,290.15
20760.0,292.23427190697714,290.15
20780.0,292.25604879112853,290.15
20800.0,292.27782756634286,290.15
20820.0,292.29960818654934,290.15
20840.0,292.32139060567323,290.15
20860.0,292.34317477763614,290.15
20880.0,292.36496065635583,290.15
20900.0,292.38674819574646,290.15
20920.0,292.4085373497187,290.15
20940.0,292.4303280721798,290.15
20960.0,292.4521203170338,290.15
20980.0,292.4739140381813,290.15
21000.0,292.4957091895199,290.15
21020.0,292.51750572494433,290.15
21040.0,292.53930359834607,290.15
21060.0,292.561102763614,290.15
21080.0,292.5829031746341,290.15
21100.0,292.60470478529,290.15
21120.0,292.6265075494625,290.15
21140.0,292.64831142103003,290.15
21160.0,292.67011635386876,290.15
21180.0,292.6919223018526,290.15
21200.0,292.7137292188533,290.15
21220.0,292.7355370587405,290.15
21240.0,292.75734577538185,290.15
21260.0,292.7791553226434,290.15
21280.0,292.80096565438913,290.15
21300.0,292.82277672448157,290.15
21320.0,292.84458848678156,290.15
21340.0,292.8664008951486,290.15
21360.0,292.8882139034407,290.15
21380.0,292.9100274655147,290.15
21400.0,292.9318415352262,290.15
21420.0,292.9536560664298,290.15
21440.0,292.975471012979,290.15
21460.0,292.99728632872655,290.15
21480.0,293.01910196752436,290.15
21500.0,293.04091788322364,290.15
21520.0,293.0627340296751,290.15
21540.0,293.08455036072877,290.15
21560.0,293.10636683023455,290.15
21580.0,293.1281833920419,290.15
21600.0,293.15,290.15
21620.0,293.1718166079581,290.15
21640.0,293.1936331697654,290.15
21660.0,293.2154496392712,290.15
21680.0,293.23726597032487,290.15
21700.0,293.2590821167763,290.15
21720.0,293.2808980324756,290.15
21740.0,293.3027136712734,290.15
21760.0,293.3245289870209,290.15
21780.0,293.34634393357015,290.15
21800.0,293.3681584647737,290.15
21820.0,293.38997253448525,290.15
21840.0,293.41178609655924,290.15
21860.0,293.43359910485134,290.15
21880.0,293.4554115132184,290.15
21900.0,293.4772232755184,290.15
21920.0,293.4990343456108,290.15
21940.0,293.52084467735654,290.15
21960.0,293.54265422461805,290.15
21980.0,293.5644629412595,290.15
22000.0,293.58627078114665,290.15
22020.0,293.6080776981473,290.15
22040.0,293.6298836461312,290.15
22060.0,293.6516885789699,290.15
22080.0,293.6734924505375,290.15
22100.0,293.69529521471,290.15
22120.0,293.71709682536584,290.15
22140.0,293.738897236386,290.15
22160.0,293.7606964016539,290.15
22180.0,293.7824942750556,290.15
22200.0,293.80429081048004,290.15
22220.0,293.82608596181865,290.15
22240.0,293.84787968296615,290.15
22260.0,293.86967192782015,290.15
22280.0,293.89146265028126,290.15
22300.0,293.9132518042535,290.15
22320.0,293.9350393436441,290.15
22340.0,293.9568252223638,290.15
22360.0,293.9786093943267,290.15
22380.0,294.0003918134506,290.15
22400.0,294.0221724336571,290.15
22420.0,294.0439512088714,290.15
22440.0,294.0657280930228,290.15
22460.0,294.0875030400445,290.15
22480.0,294.1092760038738,290.15
22500.0,294.13104693845213,290.15
22520.0,294.1528157977254,290.15
22540.0,294.1745825356437,290.15
22560.0,294.19634710616185,290.15
22580.0,294.218109463239,290.15
22600.0,294.2398695608391,290.15
22620.0,294.261627352931,290.15
22640.0,294.2833827934881,290.15
22660.0,294.3051358364891,290.15
22680.0,294.32688643591763,290.15
22700.0,294.34863454576254,290.15
22720.0,294.37038012001784,290.15
22740.0,294.39212311268307,290.15
22760.0,294.413863477763,290.15
22780.0,294.43560116926824,290.15
22800.0,294.45733614121485,290.15
22820.0,294.4790683476247,290.15
22840.0,294.50079774252555,290.15
22860.0,294.522524279951,290.15
22880.0,294.54424791394086,290.15
22900.0,294.5659685985409,290.15
22920.0,294.58768628780336,290.15
22940.0,294.6094009357865,290.15
22960.0,294.6311124965553,290.15
22980.0,294.6528209241811,290.15
23000.0,294.674526172742,290.15
23020.0,294.6962281963227,290.15
23040.0,294.7179269490148,290.15
23060.0,294.73962238491674,290.15
23080.0,294.7613144581341,290.15
23100.0,294.78300312277946,290.15
23120.0,294.80468833297266,290.15
23140.0,294.82637004284084,290.15
23160.0,294.84804820651857,290.15
23180.0,294.8697227781479,290.15
23200.0,294.89139371187844,290.15
23220.0,294.91306096186753,290.15
23240.0,294.93472448228033,290.15
23260.0,294.9563842272899,290.15
23280.0,294.9780401510772,290.15
23300.0,294.9996922078313,290.15
23320.0,295.02134035174953,290.15
23340.0,295.0429845370374,290.15
23360.0,295.0646247179089,290.15
23380.0,295.08626084858633,290.15
23400.0,295.10789288330074,290.15
23420.0,295.1295207762917,290.15
23440.0,295.15114448180765,290.15
23460.0,295.17276395410585,290.15
23480.0,295.19437914745237,290.15
23500.0,295.21599001612265,290.15
23520.0,295.23759651440093,290.15
23540.0,295.25919859658103,290.15
23560.0,295.28079621696577,290.15
23580.0,295.30238932986765,290.15
23600.0,295.32397788960867,290.15
23620.0,295.34556185052037,290.15
23640.0,295.3671411669441,290.15
23660.0,295.38871579323103,290.15
23680.0,295.41028568374225,290.15
23700.0,295.4318507928487,290.15
23720.0,295.45341107493175,290.15
23740.0,295.4749664843828,290.15
23760.0,295.49651697560347,290.15
23780.0,295.5180625030059,290.15
23800.0,295.5396030210128,290.15
23820.0,295.5611384840574,290.15
23840.0,295.5826688465835,290.15
23860.0,295.6041940630459,290.15
23880.0,295.6257140879101,290.15
23900.0,295.64722887565284,290.15
23920.0,295.6687383807616,290.15
23940.0,295.69024255773536,290.15
23960.0,295.7117413610841,290.15
23980.0,295.7332347453293,290.15
24000.0,295.75472266500395,290.15
24020.0,295.77620507465247,290.15
24040.0,295.7976819288311,290.15
24060.0,295.8191531821076,290.15
24080.0,295.84061878906186,290.15
24100.0,295.86207870428547,290.15
24120.0,295.8835328823822,290.15
24140.0,295.9049812779679,290.15
24160.0,295.9264238456707,290.15
24180.0,295.947860540131,290.15
24200.0,295.96929131600166,290.15
24220.0,295.990716127948,290.15
24240.0,296.01213493064813,290.15
24260.0,296.0335476787927,290.15
24280.0,296.0549543270851,290.15
24300.0,296.0763548302419,290.15
24320.0,296.0977491429924,290.15
24340.0,296.1191372200792,290.15
24360.0,296.14051901625794,290.15
24380.0,296.16189448629757,290.15
24400.0,296.1832635849805,290.15
24420.0,296.20462626710264,290.15
24440.0,296.2259824874733,290.15
24460.0,296.2473322009156,290.15
24480.0,296.2686753622664,290.15
24500.0,296.29001192637634,290.15
24520.0,296.3113418481102,290.15
24540.0,296.3326650823467,290.15
24560.0,296.35398158397857,290.15
24580.0,296.3752913079131,290.15
24600.0,296.3965942090715,290.15
24620.0,296.4178902423899,290.15
24640.0,296.43917936281855,290.15
24660.0,296.4604615253225,290.15
24680.0,296.4817366848815,290.15
24700.0,296.5030047964902,290.15
24720.0,296.52426581515795,290.15
24740.0,296.54551969590926,290.15
24760.0,296.5667663937838,290.15
24780.0,296.5880058638362,290.15
24800.0,296.6092380611366,290.15
24820.0,296.63046294077037,290.15
24840.0,296.65168045783855,290.15
24860.0,296.67289056745756,290.15
24880.0,296.6940932247596,290.15
24900.0,296.7152883848926,290.15
24920.0,296.7364760030203,290.15
24940.0,296.7576560343225,290.15
24960.0,296.778828433995,290.15
24980.0,296.79999315724973,290.15
25000.0,296.8211501593148,290.15
25020.0,296.84229939543485,290.15
25040.0,296.8634408208708,290.15
25060.0,296.88457439089996,290.15
25080.0,296.9057000608166,290.15
25100.0,296.9268177859314,290.15
25120.0,296.947927521572,290.15
25140.0,296.9690292230829,290.15
25160.0,296.99012284582557,290.15
25180.0,297.0112083451786,290.15
25200.0,297.0322856765378,290.15
25220.0,297.0533547953162,290.15
25240.0,297.07441565694415,290.15
25260.0,297.0954682168696,290.15
25280.0,297.11651243055803,290.15
25300.0,297.13754825349247,290.15
25320.0,297.15857564117385,290.15
25340.0,297.1795945491208,290.15
25360.0,297.20060493286996,290.15
25380.0,297.22160674797607,290.15
25400.0,297.2425999500119,290.15
25420.0,297.2635844945684,290.15
25440.0,297.28456033725496,290.15
25460.0,297.3055274336993,290.15
25480.0,297.32648573954765,290.15
25500.0,297.3474352104649,290.15
25520.0,297.36837580213444,290.15
25540.0,297.3893074702587,290.15
25560.0,297.4102301705588,290.15
25580.0,297.43114385877493,290.15
25600.0,297.4520484906663,290.15
25620.0,297.4729440220113,290.15
25640.0,297.49383040860755,290.15
25660.0,297.514707606272,290.15
25680.0,297.53557557084105,290.15
25700.0,297.55643425817067,290.15
25720.0,297.5772836241364,290.15
25740.0,297.59812362463356,290.15
25760.0,297.6189542155772,290.15
25780.0,297.6397753529024,290.15
25800.0,297.66058699256405,290.15
25820.0,297.6813890905374,290.15
25840.0,297.7021816028175,290.15
25860.0,297.72296448542016,290.15
25880.0,297.7437376943811,290.15
25900.0,297.7645011857568,290.15
25920.0,297.7852549156242,290.15
25940.0,297.80599884008086,290.15
25960.0,297.82673291524515,290.15
25980.0,297.8474570972562,290.15
26000.0,297.8681713422742,290.15
26020.0,297.88887560648016,290.15
26040.0,297.90956984607635,290.15
26060.0,297.93025401728625,290.15
26080.0,297.95092807635456,290.15
26100.0,297.9715919795474,290.15
26120.0,297.9922456831524,290.15
26140.0,298.0128891434788,290.15
26160.0,298.03352231685733,290.15
26180.0,298.0541451596407,290.15
26200.0,298.0747576282034,290.15
26220.0,298.0953596789418,290.15
26240.0,298.11595126827433,290.15
26260.0,298.13653235264167,290.15
26280.0,298.15710288850653,290.15
26300.0,298.1776628323541,290.15
26320.0,298.19821214069185,290.15
26340.0,298.2187507700499,290.15
26360.0,298.23927867698075,290.15
26380.0,298.2597958180598,290.15
26400.0,298.280302149885,290.15
26420.0,298.3007976290774,290.15
26440.0,298.3212822122809,290.15
26460.0,298.34175585616237,290.15
26480.0,298.362218517412,290.15
26500.0,298.38267015274295,290.15
26520.0,298.403110718892,290.15
26540.0,298.42354017261914,290.15
26560.0,298.443958470708,290.15
26580.0,298.4643655699657,290.15
26600.0,298.48476142722313,290.15
26620.0,298.5051459993349,290.15
26640.0,298.5255192431795,290.15
26660.0,298.5458811156594,290.15
26680.0,298.5662315737012,290.15
26700.0,298.5865705742555,290.15
26720.0,298.60689807429725,290.15
26740.0,298.62721403082566,290.15
26760.0,298.64751840086444,290.15
26780.0,298.6678111414617,290.15
26800.0,298.68809220969024,290.15
26820.0,298.7083615626475,290.15
26840.0,298.7286191574558,290.15
26860.0,298.74886495126214,290.15
26880.0,298.76909890123864,290.15
26900.0,298.7893209645825,290.15
26920.0,298.80953109851595,290.15
26940.0,298.82972926028646,290.15
26960.0,298.849915407167,290.15
26980.0,298.87008949645565,290.15
27000.0,298.8902514854763,290.15
27020.0,298.9104013315783,290.15
27040.0,298.9305389921367,290.15
27060.0,298.95066442455226,290.15
27080.0,298.97077758625176,290.15
27100.0,298.99087843468783,290.15
27120.0,299.0109669273391,290.15
27140.0,299.03104302171045,290.15
27160.0,299.05110667533296,290.15
27180.0,299.071157845764,290.15
27200.0,299.0911964905873,290.15
27220.0,299.1112225674133,290.15
27240.0,299.1312360338787,290.15
27260.0,299.15123684764706,290.15
27280.0,299.17122496640883,290.15
27300.0,299.191200347881,290.15
27320.0,299.21116294980783,290.15
27340.0,299.2311127299604,290.15
27360.0,299.251049646137,290.15
27380.0,299.27097365616305,290.15
27400.0,299.29088471789134,290.15
27420.0,299.3107827892021,290.15
27440.0,299.330667828003,290.15
27460.0,299.3505397922292,290.15
27480.0,299.3703986398436,290.15
27500.0,299.3902443288368,290.15
27520.0,299.41007681722726,290.15
27540.0,299.4298960630614,290.15
27560.0,299.4497020244136,290.15
27580.0,299.46949465938644,290.15
27600.0,299.48927392611046,290.15
27620.0,299.50903978274476,290.15
27640.0,299.5287921874766,290.15
27660.0,299.54853109852183,290.15
27680.0,299.5682564741248,290.15
27700.0,299.5879682725584,290.15
27720.0,299.6076664521244,290.15
27740.0,299.62735097115325,290.15
27760.0,299.6470217880044,290.15
27780.0,299.66667886106626,290.15
27800.0,299.6863221487562,290.15
27820.0,299.70595160952087,290.15
27840.0,299.72556720183616,290.15
27860.0,299.74516888420726,290.15
27880.0,299.76475661516884,290.15
27900.0,299.784330353285,290.15
27920.0,299.8038900571495,290.15
27940.0,299.8234356853858,290.15
27960.0,299.8429671966471,290.15
27980.0,299.86248454961645,290.15
28000.0,299.8819877030069,290.15
28020.0,299.9014766155615,290.15
28040.0,299.92095124605345,290.15
28060.0,299.9404115532861,290.15
28080.0,299.95985749609315,290.15
28100.0,299.9792890333388,290.15
28120.0,299.9987061239175,290.15
28140.0,300.01810872675435,290.15
28160.0,300.0374968008052,290.15
28180.0,300.0568703050564,290.15
28200.0,300.0762291985255,290.15
28220.0,300.0955734402605,290.15
28240.0,300.1149029893408,290.15
28260.0,300.13421780487664,290.15
28280.0,300.1535178460095,290.15
28300.0,300.172803071912,290.15
28320.0,300.19207344178835,290.15
28340.0,300.21132891487395,290.15
28360.0,300.23056945043584,290.15
28380.0,300.2497950077726,290.15
28400.0,300.2690055462146,290.15
28420.0,300.2882010251238,290.15
28440.0,300.3073814038941,290.15
28460.0,300.32654664195144,290.15
28480.0,300.34569669875367,290.15
28500.0,300.3648315337908,290.15
28520.0,300.383951106585,290.15
28540.0,300.4030553766908,290.15
28560.0,300.422144303695,290.15
28580.0,300.44121784721705,290.15
28600.0,300.4602759669086,290.15
28620.0,300.4793186224543,290.15
28640.0,300.49834577357126,290.15
28660.0,300.51735738000957,290.15
28680.0,300.536353401552,290.15
28700.0,300.55533379801443,290.15
28720.0,300.57429852924577,290.15
28740.0,300.5932475551281,290.15
28760.0,300.6121808355766,290.15
28780.0,300.63109833053994,290.15
28800.0,300.65,290.15
28820.0,300.6688858039722,293.15
28840.0,300.6877557025056,293.15
28860.0,300.7066096556829,293.15
28880.0,300.7254476236203,293.15
28900.0,300.7442695664682,293.15
28920.0,300.76307544441056,293.15
28940.0,300.7818652176655,293.15
28960.0,300.8006388464851,293.15
28980.0,300.8193962911558,293.15
29000.0,300.83813751199796,293.15
29020.0,300.85686246936655,293.15
29040.0,300.8755711236508,293.15
29060.0,300.8942634352744,293.15
29080.0,300.9129393646958,293.15
29100.0,300.9315988724078,293.15
29120.0,300.9502419189382,293.15
29140.0,300.96886846484955,293.15
29160.0,300.98747847073923,293.15
29180.0,301.0060718972397,293.15
29200.0,301.02464870501836,293.15
29220.0,301.043208854778,293.15
29240.0,301.0617523072565,293.15
29260.0,301.0802790232269,293.15
29280.0,301.09878896349807,293.15
29300.0,301.1172820889139,293.15
29320.0,301.13575836035415,293.15
29340.0,301.15421773873413,293.15
29360.0,301.17266018500493,293.15
29380.0,301.1910856601534,293.15
29400.0,301.20949412520235,293.15
29420.0,301.22788554121047,293.15
29440.0,301.24625986927265,293.15
29460.0,301.2646170705199,293.15
29480.0,301.28295710611934,293.15
29500.0,301.3012799372745,293.15
29520.0,301.31958552522536,293.15
29540.0,301.3378738312483,293.15
29560.0,301.3561448166562,293.15
29580.0,301.3743984427987,293.15
29600.0,301.39263467106207,293.15
29620.0,301.41085346286945,293.15
29640.0,301.4290547796808,293.15
29660.0,301.44723858299324,293.15
29680.0,301.4654048343406,293.15
29700.0,301.483553495294,293.15
29720.0,301.5016845274619,293.15
29740.0,301.51979789249,293.15
29760.0,301.5378935520612,293.15
29780.0,301.555971467896,293.15
29800.0,301.5740316017524,293.15
29820.0,301.592073915426,293.15
29840.0,301.61009837075017,293.15
29860.0,301.628104929596,293.15
29880.0,301.64609355387245,293.15
29900.0,301.6640642055264,293.15
29920.0,301.68201684654275,293.15
29940.0,301.69995143894454,293.15
29960.0,301.7178679447929,293.15
29980.0,301.73576632618733,293.15
30000.0,301.75364654526567,293.15
30020.0,301.77150856420405,293.15
30040.0,301.78935234521725,293.15
30060.0,301.8071778505585,293.15
30080.0,301.82498504251976,293.15
30100.0,301.8427738834318,293.15
30120.0,301.8605443356641,293.15
30140.0,301.878296361625,293.15
30160.0,301.896029923762,293.15
30180.0,301.9137449845615,293.15
30200.0,301.9314415065491,293.15
30220.0,301.94911945228955,293.15
30240.0,301.9667787843871,293.15
30260.0,301.9844194654851,293.15
30280.0,302.00204145826643,293.15
30300.0,302.0196447254537,293.15
30320.0,302.03722922980893,293.15
30340.0,302.0547949341339,293.15
30360.0,302.0723418012701,293.15
30380.0,302.08986979409895,293.15
30400.0,302.10737887554177,293.15
30420.0,302.12486900855987,293.15
30440.0,302.14234015615466,293.15
30460.0,302.15979228136763,293.15
30480.0,302.1772253472807,293.15
30500.0,302.1946393170159,293.15
30520.0,302.21203415373583,293.15
30540.0,302.2294098206434,293.15
30560.0,302.2467662809822,293.15
30580.0,302.2641034980363,293.15
30600.0,302.28142143513077,293.15
30620.0,302.2987200556312,293.15
30640.0,302.315999322944,293.15
30660.0,302.3332592005167,293.15
30680.0,302.3504996518379,293.15
30700.0,302.36772064043697,293.15
30720.0,302.38492212988484,293.15
30740.0,302.40210408379346,293.15
30760.0,302.41926646581607,293.15
30780.0,302.4364092396475,293.15
30800.0,302.4535323690239,293.15
30820.0,302.470635817723,293.15
30840.0,302.48771954956425,293.15
30860.0,302.5047835284088,293.15
30880.0,302.5218277181594,293.15
30900.0,302.53885208276085,293.15
30920.0,302.5558565861999,293.15
30940.0,302.5728411925052,293.15
30960.0,302.5898058657475,293.15
30980.0,302.6067505700399,293.15
31000.0,302.62367526953744,293.15
31020.0,302.6405799284377,293.15
31040.0,302.6574645109806,293.15
31060.0,302.6743289814486,293.15
31080.0,302.69117330416645,293.15
31100.0,302.7079974435018,293.15
31120.0,302.7248013638649,293.15
31140.0,302.74158502970874,293.15
31160.0,302.7583484055292,293.15
31180.0,302.77509145586504,293.15
31200.0,302.7918141452981,293.15
31220.0,302.8085164384531,293.15
31240.0,302.82519829999814,293.15
31260.0,302.8418596946444,293.15
31280.0,302.85850058714647,293.15
31300.0,302.87512094230215,293.15
31320.0,302.89172072495273,293.15
31340.0,302.90829989998315,293.15
31360.0,302.9248584323218,293.15
31380.0,302.9413962869408,293.15
31400.0,302.95791342885605,293.15
31420.0,302.9744098231271,293.15
31440.0,302.9908854348576,293.15
31460.0,303.007340229195,293.15
31480.0,303.02377417133096,293.15
31500.0,303.040187226501,293.15
31520.0,303.0565793599851,293.15
31540.0,303.0729505371073,293.15
31560.0,303.089300723236,293.15
31580.0,303.10562988378416,293.15
31600.0,303.12193798420907,293.15
31620.0,303.1382249900125,293.15
31640.0,303.154490866741,293.15
31660.0,303.17073557998583,293.15
31680.0,303.18695909538286,293.15
31700.0,303.2031613786129,293.15
31720.0,303.2193423954017,293.15
31740.0,303.23550211152,293.15
31760.0,303.2516404927835,293.15
31780.0,303.26775750505305,293.15
31800.0,303.2838531142349,293.15
31820.0,303.29992728628025,293.15
31840.0,303.315979987186,293.15
31860.0,303.3320111829941,293.15
31880.0,303.3480208397923,293.15
31900.0,303.3640089237138,293.15
31920.0,303.37997540093744,293.15
31940.0,303.39592023768773,293.15
31960.0,303.411843400235,293.15
31980.0,303.42774485489537,293.15
32000.0,303.443624568031,293.15
32020.0,303.4594825060499,293.15
32040.0,303.47531863540627,293.15
32060.0,303.4911329226004,293.15
32080.0,303.50692533417873,293.15
32100.0,303.522695836734,293.15
32120.0,303.5384443969054,293.15
32140.0,303.5541709813784,293.15
32160.0,303.56987555688494,293.15
32180.0,303.5855580902037,293.15
32200.0,303.6012185481598,293.15
32220.0,303.61685689762515,293.15
32240.0,303.6324731055185,293.15
32260.0,303.6480671388052,293.15
32280.0,303.66363896449775,293.15
32300.0,303.6791885496555,293.15
32320.0,303.6947158613849,293.15
32340.0,303.7102208668395,293.15
32360.0,303.72570353322004,293.15
32380.0,303.74116382777447,293.15
32400.0,303.75660171779816,293.15
32420.0,303.77201717063383,293.15
32440.0,303.78741015367166,293.15
32460.0,303.80278063434923,293.15
32480.0,303.818128580152,293.15
32500.0,303.83345395861295,293.15
32520.0,303.8487567373127,293.15
32540.0,303.86403688387986,293.15
32560.0,303.87929436599075,293.15
32580.0,303.8945291513698,293.15
32600.0,303.9097412077893,293.15
32620.0,303.9249305030698,293.15
32640.0,303.94009700507974,293.15
32660.0,303.95524068173603,293.15
32680.0,303.97036150100377,293.15
32700.0,303.9854594308963,293.15
32720.0,304.0005344394756,293.15
32740.0,304.01558649485196,293.15
32760.0,304.0306155651843,293.15
32780.0,304.0456216186801,293.15
32800.0,304.06060462359574,293.15
32820.0,304.075564548236,293.15
32840.0,304.09050136095476,293.15
32860.0,304.10541503015475,293.15
32880.0,304.1203055242875,293.15
32900.0,304.13517281185386,293.15
32920.0,304.15001686140346,293.15
32940.0,304.16483764153526,293.15
32960.0,304.1796351208974,293.15
32980.0,304.1944092681873,293.15
33000.0,304.20916005215184,293.15
33020.0,304.2238874415871,293.15
33040.0,304.2385914053389,293.15
33060.0,304.25327191230247,293.15
33080.0,304.2679289314226,293.15
33100.0,304.28256243169403,293.15
33120.0,304.2971723821609,293.15
33140.0,304.3117587519174,293.15
33160.0,304.3263215101076,293.15
33180.0,304.3408606259255,293.15
33200.0,304.35537606861493,293.15
33220.0,304.36986780747003,293.15
33240.0,304.384335811835,293.15
33260.0,304.39878005110427,293.15
33280.0,304.41320049472245,293.15
33300.0,304.4275971121846,293.15
33320.0,304.4419698730362,293.15
33340.0,304.456318746873,293.15
33360.0,304.4706437033416,293.15
33380.0,304.48494471213877,293.15
33400.0,304.49922174301236,293.15
33420.0,304.51347476576075,293.15
33440.0,304.527703750233,293.15
33460.0,304.5419086663293,293.15
33480.0,304.55608948400044,293.15
33500.0,304.57024617324845,293.15
33520.0,304.58437870412627,293.15
33540.0,304.5984870467379,293.15
33560.0,304.6125711712387,293.15
33580.0,304.626631047835,293.15
33600.0,304.64066664678467,293.15
33620.0,304.65467793839673,293.15
33640.0,304.6686648930318,293.15
33660.0,304.68262748110186,293.15
33680.0,304.6965656730705,293.15
33700.0,304.71047943945285,293.15
33720.0,304.72436875081576,293.15
33740.0,304.73823357777786,293.15
33760.0,304.75207389100945,293.15
33780.0,304.76588966123273,293.15
33800.0,304.77968085922197,293.15
33820.0,304.7934474558032,293.15
33840.0,304.80718942185456,293.15
33860.0,304.82090672830634,293.15
33880.0,304.83459934614103,293.15
33900.0,304.8482672463932,293.15
33920.0,304.86191040014984,293.15
33940.0,304.8755287785503,293.15
33960.0,304.88912235278616,293.15
33980.0,304.9026910941017,293.15
34000.0,304.9162349737936,293.15
34020.0,304.92975396321117,293.15
34040.0,304.9432480337563,293.15
34060.0,304.9567171568837,293.15
34080.0,304.9701613041008,293.15
34100.0,304.9835804469679,293.15
34120.0,304.9969745570981,293.15
34140.0,305.0103436061576,293.15
34160.0,305.02368756586554,293.15
34180.0,305.03700640799406,293.15
34200.0,305.0503001043685,293.15
34220.0,305.06356862686744,293.15
34240.0,305.0768119474227,293.15
34260.0,305.09003003801934,293.15
34280.0,305.1032228706958,293.15
34300.0,305.116390417544,293.15
34320.0,305.1295326507094,293.15
34340.0,305.1426495423908,293.15
34360.0,305.1557410648409,293.15
34380.0,305.1688071903659,293.15
34400.0,305.1818478913256,293.15
34420.0,305.1948631401339,293.15
34440.0,305.20785290925824,293.15
34460.0,305.2208171712201,293.15
34480.0,305.23375589859495,293.15
34500.0,305.2466690640122,293.15
34520.0,305.2595566401554,293.15
34540.0,305.2724185997621,293.15
34560.0,305.2852549156242,293.15
34580.0,305.29806556058776,293.15
34600.0,305.31085050755314,293.15
34620.0,305.32360972947515,293.15
34640.0,305.3363431993629,293.15
34660.0,305.34905089028007,293.15
34680.0,305.36173277534476,293.15
34700.0,305.3743888277298,293.15
34720.0,305.38701902066254,293.15
34740.0,305.39962332742516,293.15
34760.0,305.41220172135445,293.15
34780.0,305.42475417584217,293.15
34800.0,305.4372806643349,293.15
34820.0,305.44978116033394,293.15
34840.0,305.46225563739597,293.15
34860.0,305.47470406913243,293.15
34880.0,305.4871264292099,293.15
34900.0,305.4995226913502,293.15
34920.0,305.51189282933024,293.15
34940.0,305.52423681698224,293.15
34960.0,305.5365546281938,293.15
34980.0,305.5488462369078,293.15
35000.0,305.56111161712266,293.15
35020.0,305.5733507428921,293.15
35040.0,305.5855635883256,293.15
35060.0,305.5977501275881,293.15
35080.0,305.6099103349002,293.15
35100.0,305.62204418453814,293.15
35120.0,305.63415165083416,293.15
35140.0,305.646232708176,293.15
35160.0,305.6582873310075,293.15
35180.0,305.6703154938283,293.15
35200.0,305.68231717119403,293.15
35220.0,305.6942923377164,293.15
35240.0,305.70624096806307,293.15
35260.0,305.71816303695806,293.15
35280.0,305.73005851918134,293.15
35300.0,305.7419273895693,293.15
35320.0,305.7537696230145,293.15
35340.0,305.76558519446587,293.15
35360.0,305.77737407892886,293.15
35380.0,305.7891362514652,293.15
35400.0,305.80087168719325,293.15
35420.0,305.8125803612879,293.15
35440.0,305.82426224898063,293.15
35460.0,305.8359173255596,293.15
35480.0,305.8475455663696,293.15
35500.0,305.8591469468124,293.15
35520.0,305.8707214423464,293.15
35540.0,305.88226902848686,293.15
35560.0,305.89378968080615,293.15
35580.0,305.90528337493345,293.15
35600.0,305.916750086555,293.15
35620.0,305.9281897914141,293.15
35640.0,305.93960246531134,293.15
35660.0,305.9509880841043,293.15
35680.0,305.96234662370784,293.15
35700.0,305.9736780600942,293.15
35720.0,305.98498236929277,293.15
35740.0,305.99625952739046,293.15
35760.0,306.00750951053163,293.15
35780.0,306.0187322949181,293.15
35800.0,306.0299278568092,293.15
35820.0,306.04109617252175,293.15
35840.0,306.05223721843043,293.15
35860.0,306.0633509709675,293.15
35880.0,306.07443740662285,293.15
35900.0,306.08549650194436,293.15
35920.0,306.0965282335375,293.15
35940.0,306.1075325780659,293.15
35960.0,306.1185095122509,293.15
35980.0,306.129459012872,293.15
36000.0,306.14038105676656,293.15
36020.0,306.1512756208301,293.15
36040.0,306.16214268201634,293.15
36060.0,306.1729822173371,293.15
36080.0,306.1837942038624,293.15
36100.0,306.19457861872064,293.15
36120.0,306.20533543909846,293.15
36140.0,306.2160646422409,293.15
36160.0,306.22676620545144,293.15
36180.0,306.2374401060919,293.15
36200.0,306.2480863215829,293.15
36220.0,306.25870482940337,293.15
36240.0,306.2692956070909,293.15
36260.0,306.2798586322418,293.15
36280.0,306.2903938825112,293.15
36300.0,306.3009013356126,293.15
36320.0,306.3113809693187,293.15
36340.0,306.3218327614609,293.15
36360.0,306.33225668992947,293.15
36380.0,306.3426527326736,293.15
36400.0,306.3530208677016,293.15
36420.0,306.36336107308074,293.15
36440.0,306.3736733269373,293.15
36460.0,306.3839576074568,293.15
36480.0,306.3942138928839,293.15
36500.0,306.4044421615224,293.15
36520.0,306.41464239173547,293.15
36540.0,306.4248145619456,293.15
36560.0,306.43495865063454,293.15
36580.0,306.4450746363436,293.15
36600.0,306.4551624976733,293.15
36620.0,306.4652222132839,293.15
36640.0,306.47525376189503,293.15
36660.0,306.48525712228604,293.15
36680.0,306.49523227329576,293.15
36700.0,306.5051791938228,293.15
36720.0,306.5150978628255,293.15
36740.0,306.52498825932184,293.15
36760.0,306.5348503623898,293.15
36780.0,306.544684151167,293.15
36800.0,306.55448960485114,293.15
36820.0,306.56426670269974,293.15
36840.0,306.57401542403034,293.15
36860.0,306.58373574822053,293.15
36880.0,306.5934276547079,293.15
36900.0,306.6030911229903,293.15
36920.0,306.61272613262554,293.15
36940.0,306.6223326632318,293.15
36960.0,306.6319106944875,293.15
36980.0,306.6414602061311,293.15
37000.0,306.6509811779618,293.15
37020.0,306.6604735898388,293.15
37040.0,306.66993742168194,293.15
37060.0,306.6793726534714,293.15
37080.0,306.6887792652479,293.15
37100.0,306.69815723711275,293.15
37120.0,306.7075065492278,293.15
37140.0,306.7168271818155,293.15
37160.0,306.726119115159,293.15
37180.0,306.7353823296022,293.15
37200.0,306.74461680554975,293.15
37220.0,306.7538225234669,293.15
37240.0,306.76299946388,293.15
37260.0,306.7721476073762,293.15
37280.0,306.7812669346034,293.15
37300.0,306.79035742627076,293.15
37320.0,306.79941906314815,293.15
37340.0,306.8084518260666,293.15
37360.0,306.8174556959182,293.15
37380.0,306.8264306536563,293.15
37400.0,306.8353766802952,293.15
37420.0,306.8442937569105,293.15
37440.0,306.853181864639,293.15
37460.0,306.86204098467886,293.15
37480.0,306.87087109828946,293.15
37500.0,306.8796721867917,293.15
37520.0,306.88844423156763,293.15
37540.0,306.897187214061,293.15
37560.0,306.9059011157768,293.15
37580.0,306.91458591828183,293.15
37600.0,306.9232416032041,293.15
37620.0,306.93186815223345,293.15
37640.0,306.94046554712133,293.15
37660.0,306.94903376968074,293.15
37680.0,306.95757280178657,293.15
37700.0,306.96608262537535,293.15
37720.0,306.97456322244534,293.15
37740.0,306.98301457505676,293.15
37760.0,306.9914366653316,293.15
37780.0,306.99982947545385,293.15
37800.0,307.0081929876693,293.15
37820.0,307.0165271842858,293.15
37840.0,307.0248320476732,293.15
37860.0,307.0331075602635,293.15
37880.0,307.04135370455054,293.15
37900.0,307.04957046309056,293.15
37920.0,307.0577578185018,293.15
37940.0,307.0659157534647,293.15
37960.0,307.07404425072207,293.15
37980.0,307.08214329307884,293.15
38000.0,307.0902128634023,293.15
38020.0,307.0982529446221,293.15
38040.0,307.10626351973036,293.15
38060.0,307.11424457178134,293.15
38080.0,307.1221960838921,293.15
38100.0,307.13011803924195,293.15
38120.0,307.1380104210728,293.15
38140.0,307.14587321268914,293.15
38160.0,307.153706397458,293.15
38180.0,307.1615099588091,293.15
38200.0,307.1692838802348,293.15
38220.0,307.17702814529014,293.15
38240.0,307.18474273759296,293.15
38260.0,307.1924276408238,293.15
38280.0,307.20008283872596,293.15
38300.0,307.2077083151057,293.15
38320.0,307.21530405383214,293.15
38340.0,307.22287003883724,293.15
38360.0,307.2304062541159,293.15
38380.0,307.23791268372605,293.15
38400.0,307.2453893117886,293.15
38420.0,307.2528361224875,293.15
38440.0,307.26025310006975,293.15
38460.0,307.26764022884555,293.15
38480.0,307.2749974931881,293.15
38500.0,307.28232487753394,293.15
38520.0,307.2896223663827,293.15
38540.0,307.2968899442972,293.15
38560.0,307.3041275959037,293.15
38580.0,307.31133530589176,293.15
38600.0,307.31851305901404,293.15
38620.0,307.32566084008687,293.15
38640.0,307.33277863398973,293.15
38660.0,307.3398664256657,293.15
38680.0,307.34692420012135,293.15
38700.0,307.35395194242653,293.15
38720.0,307.3609496377149,293.15
38740.0,307.3679172711835,293.15
38760.0,307.37485482809296,293.15
38780.0,307.3817622937676,293.15
38800.0,307.3886396535955,293.15
38820.0,307.39548689302814,293.15
38840.0,307.40230399758093,293.15
38860.0,307.409090952833,293.15
38880.0,307.41584774442725,293.15
38900.0,307.4225743580704,293.15
38920.0,307.4292707795329,293.15
38940.0,307.4359369946491,293.15
38960.0,307.4425729893175,293.15
38980.0,307.4491787495002,293.15
39000.0,307.4557542612234,293.15
39020.0,307.4622995105772,293.15
39040.0,307.46881448371596,293.15
39060.0,307.4752991668578,293.15
39080.0,307.481753546285,293.15
39100.0,307.4881776083441,293.15
39120.0,307.4945713394455,293.15
39140.0,307.50093472606403,293.15
39160.0,307.50726775473856,293.15
39180.0,307.51357041207217,293.15
39200.0,307.51984268473234,293.15
39220.0,307.52608455945057,293.15
39240.0,307.53229602302287,293.15
39260.0,307.53847706230954,293.15
39280.0,307.54462766423524,293.15
39300.0,307.5507478157889,293.15
39320.0,307.5568375040241,293.15
39340.0,307.56289671605856,293.15
39360.0,307.56892543907475,293.15
39380.0,307.5749236603195,293.15
39400.0,307.5808913671042,293.15
39420.0,307.58682854680467,293.15
39440.0,307.59273518686155,293.15
39460.0,307.59861127477984,293.15
39480.0,307.6044567981293,293.15
39500.0,307.6102717445444,293.15
39520.0,307.61605610172404,293.15
39540.0,307.6218098574322,293.15
39560.0,307.6275329994972,293.15
39580.0,307.63322551581246,293.15
39600.0,307.638887394336,293.15
39620.0,307.6445186230907,293.15
39640.0,307.65011919016416,293.15
39660.0,307.65568908370915,293.15
39680.0,307.66122829194296,293.15
39700.0,307.666736803148,293.15
39720.0,307.67221460567157,293.15
39740.0,307.677661687926,293.15
39760.0,307.6830780383885,293.15
39780.0,307.6884636456013,293.15
39800.0,307.6938184981717,293.15
39820.0,307.6991425847721,293.15
39840.0,307.7044358941399,293.15
39860.0,307.7096984150777,293.15
39880.0,307.71493013645306,293.15
39900.0,307.7201310471989,293.15
39920.0,307.7253011363132,293.15
39940.0,307.7304403928591,293.15
39960.0,307.73554880596515,293.15
39980.0,307.7406263648249,293.15
40000.0,307.7456730586973,293.15
40020.0,307.7506888769067,293.15
40040.0,307.7556738088425,293.15
40060.0,307.76062784395975,293.15
40080.0,307.7655509717785,293.15
40100.0,307.7704431818845,293.15
40120.0,307.77530446392876,293.15
40140.0,307.7801348076277,293.15
40160.0,307.78493420276317,293.15
40180.0,307.7897026391827,293.15
40200.0,307.79444010679896,293.15
40220.0,307.79914659559046,293.15
40240.0,307.80382209560105,293.15
40260.0,307.80846659694015,293.15
40280.0,307.81308008978283,293.15
40300.0,307.81766256436975,293.15
40320.0,307.8222140110071,293.15
40340.0,307.8267344200667,293.15
40360.0,307.8312237819862,293.15
40380.0,307.8356820872687,293.15
40400.0,307.84010932648323,293.15
40420.0,307.84450549026434,293.15
40440.0,307.8488705693124,293.15
40460.0,307.8532045543936,293.15
40480.0,307.8575074363397,293.15
40500.0,307.8617792060484,293.15
40520.0,307.86601985448334,293.15
40540.0,307.8702293726738,293.15
40560.0,307.87440775171495,293.15
40580.0,307.8785549827678,293.15
40600.0,307.88267105705944,293.15
40620.0,307.8867559658826,293.15
40640.0,307.89080970059615,293.15
40660.0,307.89483225262484,293.15
40680.0,307.8988236134593,293.15
40700.0,307.90278377465626,293.15
40720.0,307.90671272783834,293.15
40740.0,307.91061046469434,293.15
40760.0,307.9144769769789,293.15
40780.0,307.9183122565129,293.15
40800.0,307.9221162951831,293.15
40820.0,307.92588908494247,293.15
40840.0,307.9296306178101,293.15
40860.0,307.93334088587113,293.15
40880.0,307.93701988127685,293.15
40900.0,307.9406675962448,293.15
40920.0,307.94428402305846,293.15
40940.0,307.94786915406775,293.15
40960.0,307.95142298168867,293.15
40980.0,307.95494549840345,293.15
41000.0,307.9584366967606,293.15
41020.0,307.9618965693748,293.15
41040.0,307.96532510892706,293.15
41060.0,307.9687223081646,293.15
41080.0,307.9720881599011,293.15
41100.0,307.9754226570164,293.15
41120.0,307.97872579245666,293.15
41140.0,307.98199755923446,293.15
41160.0,307.9852379504287,293.15
41180.0,307.9884469591847,293.15
41200.0,307.99162457871415,293.15
41220.0,307.994770802295,293.15
41240.0,307.9978856232719,293.15
41260.0,308.0009690350556,293.15
41280.0,308.00402103112356,293.15
41300.0,308.00704160501954,293.15
41320.0,308.0100307503538,293.15
41340.0,308.01298846080323,293.15
41360.0,308.015914730111,293.15
41380.0,308.01880955208685,293.15
41400.0,308.02167292060716,293.15
41420.0,308.02450482961467,293.15
41440.0,308.0273052731189,293.15
41460.0,308.0300742451957,293.15
41480.0,308.0328117399876,293.15
41500.0,308.03551775170376,293.15
41520.0,308.0381922746198,293.15
41540.0,308.0408353030781,293.15
41560.0,308.0434468314876,293.15
41580.0,308.0460268543239,293.15
41600.0,308.0485753661291,293.15
41620.0,308.05109236151225,293.15
41640.0,308.0535778351488,293.15
41660.0,308.056031781781,293.15
41680.0,308.0584541962178,293.15
41700.0,308.06084507333475,293.15
41720.0,308.06320440807434,293.15
41740.0,308.0655321954455,293.15
41760.0,308.06782843052406,293.15
41780.0,308.0700931084526,293.15
41800.0,308.0723262244405,293.15
41820.0,308.07452777376363,293.15
41840.0,308.07669775176504,293.15
41860.0,308.07883615385424,293.15
41880.0,308.08094297550764,293.15
41900.0,308.0830182122686,293.15
41920.0,308.08506185974704,293.15
41940.0,308.0870739136199,293.15
41960.0,308.08905436963084,293.15
41980.0,308.0910032235905,293.15
42000.0,308.09292047137615,293.15
42020.0,308.0948061089321,293.15
42040.0,308.09666013226956,293.15
42060.0,308.0984825374664,293.15
42080.0,308.10027332066755,293.15
42100.0,308.1020324780848,293.15
42120.0,308.1037600059969,293.15
42140.0,308.10545590074935,293.15
42160.0,308.10712015875464,293.15
42180.0,308.1087527764923,293.15
42200.0,308.1103537505086,293.15
42220.0,308.11192307741686,293.15
42240.0,308.11346075389736,293.15
42260.0,308.11496677669726,293.15
42280.0,308.1164411426308,293.15
42300.0,308.117883848579,293.15
42320.0,308.1192948914901,293.15
42340.0,308.12067426837905,293.15
42360.0,308.12202197632797,293.15
42380.0,308.12333801248593,293.15
42400.0,308.124622374069,293.15
42420.0,308.12587505836024,293.15
42440.0,308.12709606270965,293.15
42460.0,308.1282853845344,293.15
42480.0,308.1294430213186,293.15
42500.0,308.13056897061335,293.15
42520.0,308.1316632300368,293.15
42540.0,308.13272579727425,293.15
42560.0,308.13375667007784,293.15
42580.0,308.13475584626696,293.15
42600.0,308.13572332372786,293.15
42620.0,308.13665910041397,293.15
42640.0,308.1375631743458,293.15
42660.0,308.1384355436108,293.15
42680.0,308.13927620636366,293.15
42700.0,308.14008516082595,293.15
42720.0,308.14086240528644,293.15
42740.0,308.1416079381009,293.15
42760.0,308.14232175769234,293.15
42780.0,308.1430038625507,293.15
42800.0,308.143654251233,293.15
42820.0,308.1442729223634,293.15
42840.0,308.1448598746333,293.15
42860.0,308.145415106801,293.15
42880.0,308.1459386176919,293.15
42900.0,308.1464304061986,293.15
42920.0,308.1468904712808,293.15
42940.0,308.14731881196525,293.15
42960.0,308.1477154273459,293.15
42980.0,308.14808031658356,293.15
43000.0,308.1484134789066,293.15
43020.0,308.1487149136101,293.15
43040.0,308.1489846200564,293.15
43060.0,308.149222597675,293.15
43080.0,308.1494288459626,293.15
43100.0,308.14960336448263,293.15
43120.0,308.14974615286616,293.15
43140.0,308.149857210811,293.15
43160.0,308.1499365380823,293.15
43180.0,308.1499841345122,293.15
43200.0,308.15,293.15
